"Czas (s) Seria nr 1";"Napięcie (V) Seria nr 1"
0,000;11,121
0,050;11,084
0,100;11,048
0,150;11,012
0,200;10,972
0,250;10,936
0,300;10,901
0,350;10,863
0,400;10,828
0,450;10,793
0,500;10,756
0,550;10,720
0,600;10,685
0,650;10,650
0,700;10,615
0,750;10,581
0,800;10,546
0,850;10,512
0,900;10,475
0,950;10,441
1,000;10,406
1,050;10,370
1,100;10,336
1,150;10,302
1,200;10,268
1,250;10,234
1,300;10,201
1,350;10,169
1,400;10,135
1,450;10,102
1,500;10,069
1,550;10,036
1,600;9,999
1,650;9,967
1,700;9,934
1,750;9,900
1,800;9,868
1,850;9,836
1,900;9,803
1,950;9,770
2,000;9,738
2,050;9,706
2,100;9,675
2,150;9,642
2,200;9,611
2,250;9,581
2,300;9,548
2,350;9,514
2,400;9,483
2,450;9,451
2,500;9,420
2,550;9,388
2,600;9,359
2,650;9,328
2,700;9,298
2,750;9,265
2,800;9,234
2,850;9,205
2,900;9,175
2,950;9,145
3,000;9,116
3,050;9,086
3,100;9,057
3,150;9,024
3,200;8,993
3,250;8,963
3,300;8,933
3,350;8,903
3,400;8,876
3,450;8,845
3,500;8,817
3,550;8,788
3,600;8,759
3,650;8,729
3,700;8,702
3,750;8,673
3,800;8,644
3,850;8,617
3,900;8,589
3,950;8,561
4,000;8,530
4,050;8,501
4,100;8,472
4,150;8,444
4,200;8,415
4,250;8,388
4,300;8,361
4,350;8,334
4,400;8,307
4,450;8,279
4,500;8,251
4,550;8,225
4,600;8,197
4,650;8,170
4,700;8,144
4,750;8,117
4,800;8,092
4,850;8,062
4,900;8,036
4,950;8,008
5,000;7,982
5,050;7,954
5,100;7,928
5,150;7,903
5,200;7,876
5,250;7,851
5,300;7,825
5,350;7,799
5,400;7,773
5,450;7,747
5,500;7,722
5,550;7,697
5,600;7,671
5,650;7,647
5,700;7,623
5,750;7,598
5,800;7,570
5,850;7,544
5,900;7,519
5,950;7,495
6,000;7,470
6,050;7,445
6,100;7,421
6,150;7,396
6,200;7,372
6,250;7,348
6,300;7,323
6,350;7,299
6,400;7,275
6,450;7,251
6,500;7,229
6,550;7,204
6,600;7,181
6,650;7,157
6,700;7,133
6,750;7,110
6,800;7,084
6,850;7,061
6,900;7,037
6,950;7,015
7,000;6,992
7,050;6,968
7,100;6,945
7,150;6,923
7,200;6,898
7,250;6,876
7,300;6,854
7,350;6,830
7,400;6,809
7,450;6,786
7,500;6,765
7,550;6,742
7,600;6,719
7,650;6,697
7,700;6,676
7,750;6,654
7,800;6,633
7,850;6,611
7,900;6,587
7,950;6,566
8,000;6,544
8,050;6,523
8,100;6,500
8,150;6,478
8,200;6,457
8,250;6,436
8,300;6,415
8,350;6,393
8,400;6,372
8,450;6,350
8,500;6,329
8,550;6,309
8,600;6,288
8,650;6,269
8,700;6,248
8,750;6,226
8,800;6,207
8,850;6,187
8,900;6,165
8,950;6,146
9,000;6,125
9,050;6,103
9,100;6,083
9,150;6,064
9,200;6,043
9,250;6,023
9,300;6,003
9,350;5,982
9,400;5,963
9,450;5,944
9,500;5,924
9,550;5,905
9,600;5,885
9,650;5,865
9,700;5,846
9,750;5,827
9,800;5,807
9,850;5,789
9,900;5,769
9,950;5,752
10,000;5,732
10,050;5,714
10,100;5,696
10,150;5,676
10,200;5,657
10,250;5,638
10,300;5,618
10,350;5,599
10,400;5,582
10,450;5,563
10,500;5,546
10,550;5,527
10,600;5,507
10,650;5,489
10,700;5,471
10,750;5,454
10,800;5,435
10,850;5,418
10,900;5,400
10,950;5,382
11,000;5,364
11,050;5,346
11,100;5,329
11,150;5,310
11,200;5,294
11,250;5,277
11,300;5,259
11,350;5,242
11,400;5,225
11,450;5,208
11,500;5,190
11,550;5,174
11,600;5,157
11,650;5,139
11,700;5,122
11,750;5,105
11,800;5,088
11,850;5,070
11,900;5,054
11,950;5,037
12,000;5,020
12,050;5,004
12,100;4,987
12,150;4,971
12,200;4,955
12,250;4,939
12,300;4,922
12,350;4,905
12,400;4,889
12,450;4,873
12,500;4,858
12,550;4,841
12,600;4,825
12,650;4,810
12,700;4,794
12,750;4,778
12,800;4,762
12,850;4,747
12,900;4,731
12,950;4,716
13,000;4,700
13,050;4,685
13,100;4,670
13,150;4,654
13,200;4,636
13,250;4,621
13,300;4,606
13,350;4,590
13,400;4,575
13,450;4,560
13,500;4,545
13,550;4,529
13,600;4,515
13,650;4,499
13,700;4,485
13,750;4,471
13,800;4,455
13,850;4,442
13,900;4,427
13,950;4,412
14,000;4,397
14,050;4,382
14,100;4,369
14,150;4,353
14,200;4,340
14,250;4,326
14,300;4,312
14,350;4,298
14,400;4,284
14,450;4,270
14,500;4,254
14,550;4,242
14,600;4,228
14,650;4,213
14,700;4,200
14,750;4,187
14,800;4,173
14,850;4,157
14,900;4,143
14,950;4,129
15,000;4,116
15,050;4,102
15,100;4,088
15,150;4,076
15,200;4,063
15,250;4,049
15,300;4,035
15,350;4,022
15,400;4,007
15,450;3,995
15,500;3,982
15,550;3,968
15,600;3,956
15,650;3,943
15,700;3,930
15,750;3,916
15,800;3,903
15,850;3,890
15,900;3,878
15,950;3,865
16,000;3,852
16,050;3,840
16,100;3,828
16,150;3,815
16,200;3,802
16,250;3,789
16,300;3,777
16,350;3,764
16,400;3,754
16,450;3,742
16,500;3,728
16,550;3,717
16,600;3,704
16,650;3,692
16,700;3,678
16,750;3,665
16,800;3,654
16,850;3,641
16,900;3,630
16,950;3,618
17,000;3,605
17,050;3,594
17,100;3,582
17,150;3,570
17,200;3,557
17,250;3,546
17,300;3,534
17,350;3,523
17,400;3,513
17,450;3,501
17,500;3,487
17,550;3,476
17,600;3,464
17,650;3,453
17,700;3,442
17,750;3,431
17,800;3,420
17,850;3,408
17,900;3,396
17,950;3,386
18,000;3,374
18,050;3,362
18,100;3,352
18,150;3,342
18,200;3,331
18,250;3,320
18,300;3,309
18,350;3,297
18,400;3,287
18,450;3,276
18,500;3,266
18,550;3,256
18,600;3,244
18,650;3,234
18,700;3,224
18,750;3,213
18,800;3,202
18,850;3,190
18,900;3,179
18,950;3,169
19,000;3,158
19,050;3,148
19,100;3,138
19,150;3,127
19,200;3,116
19,250;3,107
19,300;3,096
19,350;3,086
19,400;3,075
19,450;3,065
19,500;3,055
19,550;3,046
19,600;3,035
19,650;3,026
19,700;3,015
19,750;3,005
19,800;2,994
19,850;2,986
19,900;2,975
19,950;2,966
20,000;2,956
20,050;2,945
20,100;2,936
20,150;2,926
20,200;2,917
20,250;2,907
20,300;2,898
20,350;2,889
20,400;2,879
20,450;2,870
20,500;2,861
20,550;2,851
20,600;2,841
20,650;2,832
20,700;2,823
20,750;2,814
20,800;2,804
20,850;2,794
20,900;2,786
20,950;2,777
21,000;2,768
21,050;2,758
21,100;2,749
21,150;2,740
21,200;2,732
21,250;2,723
21,300;2,715
21,350;2,705
21,400;2,694
21,450;2,685
21,500;2,677
21,550;2,667
21,600;2,660
21,650;2,651
21,700;2,641
21,750;2,632
21,800;2,624
21,850;2,615
21,900;2,606
21,950;2,598
22,000;2,589
22,050;2,581
22,100;2,572
22,150;2,563
22,200;2,555
22,250;2,546
22,300;2,539
22,350;2,530
22,400;2,522
22,450;2,513
22,500;2,505
22,550;2,497
22,600;2,489
22,650;2,480
22,700;2,473
22,750;2,464
22,800;2,456
22,850;2,448
22,900;2,441
22,950;2,433
23,000;2,424
23,050;2,416
23,100;2,409
23,150;2,399
23,200;2,391
23,250;2,384
23,300;2,377
23,350;2,369
23,400;2,361
23,450;2,354
23,500;2,346
23,550;2,338
23,600;2,330
23,650;2,322
23,700;2,315
23,750;2,306
23,800;2,300
23,850;2,292
23,900;2,284
23,950;2,277
24,000;2,269
24,050;2,261
24,100;2,255
24,150;2,247
24,200;2,241
24,250;2,233
24,300;2,227
24,350;2,218
24,400;2,209
24,450;2,201
24,500;2,195
24,550;2,186
24,600;2,180
24,650;2,173
24,700;2,166
24,750;2,158
24,800;2,151
24,850;2,143
24,900;2,136
24,950;2,130
25,000;2,123
25,050;2,116
25,100;2,109
25,150;2,102
25,200;2,095
25,250;2,087
25,300;2,080
25,350;2,073
25,400;2,066
25,450;2,059
25,500;2,053
25,550;2,048
25,600;2,041
25,650;2,033
25,700;2,026
25,750;2,019
25,800;2,013
25,850;2,007
25,900;2,001
25,950;1,993
26,000;1,987
26,050;1,980
26,100;1,973
26,150;1,966
26,200;1,961
26,250;1,954
26,300;1,948
26,350;1,940
26,400;1,935
26,450;1,929
26,500;1,923
26,550;1,915
26,600;1,908
26,650;1,902
26,700;1,896
26,750;1,891
26,800;1,885
26,850;1,879
26,900;1,872
26,950;1,866
27,000;1,860
27,050;1,854
27,100;1,848
27,150;1,841
27,200;1,835
27,250;1,829
27,300;1,824
27,350;1,817
27,400;1,812
27,450;1,806
27,500;1,800
27,550;1,795
27,600;1,789
27,650;1,782
27,700;1,776
27,750;1,770
27,800;1,765
27,850;1,759
27,900;1,754
27,950;1,748
28,000;1,743
28,050;1,737
28,100;1,731
28,150;1,724
28,200;1,718
28,250;1,712
28,300;1,707
28,350;1,700
28,400;1,695
28,450;1,689
28,500;1,684
28,550;1,680
28,600;1,673
28,650;1,667
28,700;1,661
28,750;1,655
28,800;1,650
28,850;1,646
28,900;1,641
28,950;1,635
29,000;1,629
29,050;1,624
29,100;1,618
29,150;1,613
29,200;1,607
29,250;1,601
29,300;1,596
29,350;1,591
29,400;1,586
29,450;1,581
29,500;1,576
29,550;1,570
29,600;1,565
29,650;1,560
29,700;1,556
29,750;1,551
29,800;1,546
29,850;1,540
29,900;1,535
29,950;1,529
30,000;1,524
30,050;1,520
30,100;1,515
30,150;1,510
30,200;1,506
30,250;1,500
30,300;1,495
30,350;1,490
30,400;1,485
30,450;1,479
30,500;1,476
30,550;1,470
30,600;1,467
30,650;1,461
30,700;1,456
30,750;1,451
30,800;1,446
30,850;1,442
30,900;1,437
30,950;1,433
31,000;1,428
31,050;1,422
31,100;1,418
31,150;1,413
31,200;1,408
31,250;1,404
31,300;1,400
31,350;1,395
31,400;1,390
31,450;1,386
31,500;1,382
31,550;1,377
31,600;1,373
31,650;1,367
31,700;1,364
31,750;1,358
31,800;1,354
31,850;1,349
31,900;1,346
31,950;1,341
32,000;1,337
32,050;1,332
32,100;1,327
32,150;1,323
32,200;1,319
32,250;1,316
32,300;1,311
32,350;1,308
32,400;1,303
32,450;1,298
32,500;1,294
32,550;1,289
32,600;1,285
32,650;1,281
32,700;1,277
32,750;1,274
32,800;1,269
32,850;1,264
32,900;1,261
32,950;1,256
33,000;1,252
33,050;1,248
33,100;1,244
33,150;1,240
33,200;1,235
33,250;1,230
33,300;1,226
33,350;1,221
33,400;1,218
33,450;1,213
33,500;1,209
33,550;1,205
33,600;1,202
33,650;1,198
33,700;1,195
33,750;1,190
33,800;1,186
33,850;1,182
33,900;1,178
33,950;1,174
34,000;1,170
34,050;1,167
34,100;1,163
34,150;1,159
34,200;1,155
34,250;1,151
34,300;1,147
34,350;1,143
34,400;1,140
34,450;1,137
34,500;1,132
34,550;1,129
34,600;1,124
34,650;1,120
34,700;1,116
34,750;1,112
34,800;1,109
34,850;1,106
34,900;1,103
34,950;1,099
35,000;1,096
35,050;1,091
35,100;1,088
35,150;1,084
35,200;1,081
35,250;1,077
35,300;1,074
35,350;1,071
35,400;1,067
35,450;1,063
35,500;1,060
35,550;1,056
35,600;1,053
35,650;1,050
35,700;1,046
35,750;1,042
35,800;1,039
35,850;1,036
35,900;1,032
35,950;1,029
36,000;1,025
36,050;1,022
36,100;1,019
36,150;1,015
36,200;1,012
36,250;1,009
36,300;1,005
36,350;1,001
36,400;0,998
36,450;0,995
36,500;0,992
36,550;0,989
36,600;0,986
36,650;0,982
36,700;0,979
36,750;0,976
36,800;0,973
36,850;0,969
36,900;0,965
36,950;0,963
37,000;0,959
37,050;0,957
37,100;0,954
37,150;0,950
37,200;0,948
37,250;0,944
37,300;0,941
37,350;0,938
37,400;0,935
37,450;0,932
37,500;0,928
37,550;0,925
37,600;0,922
37,650;0,919
37,700;0,917
37,750;0,914
37,800;0,911
37,850;0,908
37,900;0,905
37,950;0,902
38,000;0,898
38,050;0,895
38,100;0,893
38,150;0,890
38,200;0,887
38,250;0,885
38,300;0,882
38,350;0,879
38,400;0,877
38,450;0,873
38,500;0,870
38,550;0,867
38,600;0,864
38,650;0,861
38,700;0,858
38,750;0,856
38,800;0,853
38,850;0,850
38,900;0,848
38,950;0,844
39,000;0,840
39,050;0,838
39,100;0,836
39,150;0,833
39,200;0,831
39,250;0,828
39,300;0,826
39,350;0,824
39,400;0,820
39,450;0,817
39,500;0,815
39,550;0,813
39,600;0,810
39,650;0,806
39,700;0,803
39,750;0,801
39,800;0,798
39,850;0,796
39,900;0,793
39,950;0,792
40,000;0,789
40,050;0,787
40,100;0,784
40,150;0,781
40,200;0,778
40,250;0,776
40,300;0,774
40,350;0,771
40,400;0,769
40,450;0,766
40,500;0,763
40,550;0,761
40,600;0,758
40,650;0,755
40,700;0,753
40,750;0,750
40,800;0,748
40,850;0,746
40,900;0,742
40,950;0,739
41,000;0,736
41,050;0,734
41,100;0,732
41,150;0,730
41,200;0,727
41,250;0,725
41,300;0,723
41,350;0,720
41,400;0,717
41,450;0,714
41,500;0,713
41,550;0,710
41,600;0,709
41,650;0,706
41,700;0,704
41,750;0,701
41,800;0,699
41,850;0,696
41,900;0,693
41,950;0,691
42,000;0,689
42,050;0,687
42,100;0,685
42,150;0,683
42,200;0,680
42,250;0,678
42,300;0,675
42,350;0,674
42,400;0,672
42,450;0,670
42,500;0,667
42,550;0,666
42,600;0,663
42,650;0,660
42,700;0,658
42,750;0,656
42,800;0,654
42,850;0,651
42,900;0,650
42,950;0,648
43,000;0,646
43,050;0,644
43,100;0,642
43,150;0,639
43,200;0,637
43,250;0,634
43,300;0,632
43,350;0,630
43,400;0,628
43,450;0,626
43,500;0,623
43,550;0,622
43,600;0,619
43,650;0,617
43,700;0,615
43,750;0,614
43,800;0,612
43,850;0,611
43,900;0,608
43,950;0,606
44,000;0,604
44,050;0,602
44,100;0,600
44,150;0,598
44,200;0,596
44,250;0,595
44,300;0,592
44,350;0,590
44,400;0,589
44,450;0,587
44,500;0,585
44,550;0,583
44,600;0,582
44,650;0,581
44,700;0,578
44,750;0,577
44,800;0,574
44,850;0,572
44,900;0,570
44,950;0,568
45,000;0,566
45,050;0,564
45,100;0,563
45,150;0,560
45,200;0,558
45,250;0,556
45,300;0,554
45,350;0,553
45,400;0,551
45,450;0,549
45,500;0,548
45,550;0,547
45,600;0,545
45,650;0,543
45,700;0,542
45,750;0,539
45,800;0,537
45,850;0,536
45,900;0,534
45,950;0,532
46,000;0,530
46,050;0,528
46,100;0,526
46,150;0,525
46,200;0,523
46,250;0,522
46,300;0,520
46,350;0,518
46,400;0,517
46,450;0,515
46,500;0,513
46,550;0,511
46,600;0,510
46,650;0,509
46,700;0,507
46,750;0,505
46,800;0,503
46,850;0,502
46,900;0,500
46,950;0,497
47,000;0,496
47,050;0,494
47,100;0,492
47,150;0,492
47,200;0,490
47,250;0,489
47,300;0,487
47,350;0,485
47,400;0,483
47,450;0,482
47,500;0,480
47,550;0,479
47,600;0,477
47,650;0,476
47,700;0,475
47,750;0,472
47,800;0,471
47,850;0,469
47,900;0,468
47,950;0,466
48,000;0,465
48,050;0,464
48,100;0,463
48,150;0,461
48,200;0,459
48,250;0,457
48,300;0,456
48,350;0,454
48,400;0,453
48,450;0,451
48,500;0,450
48,550;0,448
48,600;0,446
48,650;0,444
48,700;0,443
48,750;0,441
48,800;0,440
48,850;0,438
48,900;0,438
48,950;0,437
49,000;0,435
49,050;0,433
49,100;0,431
49,150;0,430
49,200;0,429
49,250;0,428
49,300;0,427
49,350;0,426
49,400;0,424
49,450;0,423
49,500;0,421
49,550;0,419
49,600;0,418
49,650;0,416
49,700;0,416
49,750;0,415
49,800;0,413
49,850;0,412
49,900;0,410
49,950;0,408
50,000;0,407
50,050;0,406
50,100;0,405
50,150;0,404
50,200;0,403
50,250;0,401
50,300;0,400
50,350;0,399
50,400;0,397
50,450;0,396
50,500;0,394
50,550;0,393
50,600;0,392
50,650;0,391
50,700;0,389
50,750;0,387
50,800;0,385
50,850;0,385
50,900;0,384
50,950;0,383
51,000;0,381
51,050;0,380
51,100;0,378
51,150;0,377
51,200;0,376
51,250;0,375
51,300;0,374
51,350;0,372
51,400;0,371
51,450;0,370
51,500;0,369
51,550;0,369
51,600;0,367
51,650;0,365
51,700;0,364
51,750;0,363
51,800;0,361
51,850;0,361
51,900;0,360
51,950;0,359
52,000;0,357
52,050;0,354
52,100;0,354
52,150;0,353
52,200;0,352
52,250;0,351
52,300;0,350
52,350;0,349
52,400;0,347
52,450;0,346
52,500;0,345
52,550;0,345
52,600;0,343
52,650;0,342
52,700;0,342
52,750;0,341
52,800;0,339
52,850;0,338
52,900;0,337
52,950;0,336
53,000;0,335
53,050;0,334
53,100;0,333
53,150;0,332
53,200;0,331
53,250;0,330
53,300;0,329
53,350;0,327
53,400;0,326
53,450;0,325
53,500;0,324
53,550;0,323
53,600;0,322
53,650;0,320
53,700;0,319
53,750;0,318
53,800;0,317
53,850;0,315
53,900;0,314
53,950;0,314
54,000;0,313
54,050;0,312
54,100;0,311
54,150;0,309
54,200;0,308
54,250;0,308
54,300;0,307
54,350;0,306
54,400;0,306
54,450;0,305
54,500;0,304
54,550;0,303
54,600;0,302
54,650;0,301
54,700;0,300
54,750;0,299
54,800;0,298
54,850;0,298
54,900;0,297
54,950;0,296
55,000;0,294
55,050;0,293
55,100;0,292
55,150;0,290
55,200;0,290
55,250;0,290
55,300;0,289
55,350;0,287
55,400;0,286
55,450;0,284
55,500;0,284
55,550;0,283
55,600;0,283
55,650;0,282
55,700;0,282
55,750;0,281
55,800;0,280
55,850;0,278
55,900;0,277
55,950;0,277
56,000;0,276
56,050;0,275
56,100;0,275
56,150;0,274
56,200;0,273
56,250;0,272
56,300;0,271
56,350;0,270
56,400;0,269
56,450;0,268
56,500;0,268
56,550;0,267
56,600;0,266
56,650;0,265
56,700;0,264
56,750;0,262
56,800;0,261
56,850;0,260
56,900;0,259
56,950;0,259
57,000;0,259
57,050;0,257
57,100;0,256
57,150;0,254
57,200;0,252
57,250;0,252
57,300;0,252
57,350;0,251
57,400;0,250
57,450;0,250
57,500;0,249
57,550;0,248
57,600;0,247
57,650;0,246
57,700;0,246
57,750;0,245
57,800;0,244
57,850;0,243
57,900;0,243
57,950;0,241
58,000;0,241
58,050;0,239
58,100;0,239
58,150;0,238
58,200;0,238
58,250;0,237
58,300;0,236
58,350;0,235
58,400;0,235
58,450;0,234
58,500;0,232
58,550;0,232
58,600;0,232
58,650;0,231
58,700;0,230
58,750;0,228
58,800;0,228
58,850;0,227
58,900;0,227
58,950;0,226
59,000;0,225
59,050;0,225
59,100;0,224
59,150;0,223
59,200;0,222
59,250;0,221
59,300;0,221
59,350;0,220
59,400;0,220
59,450;0,219
59,500;0,219
59,550;0,218
59,600;0,217
59,650;0,216
59,700;0,215
59,750;0,214
59,800;0,214
59,850;0,213
59,900;0,212
59,950;0,212
60,000;0,211
60,050;0,210
60,100;0,209
60,150;0,208
60,200;0,208
60,250;0,207
60,300;0,207
60,350;0,206
60,400;0,205
60,450;0,204
60,500;0,203
60,550;0,203
60,600;0,202
60,650;0,201
60,700;0,201
60,750;0,201
60,800;0,200
60,850;0,199
60,900;0,197
60,950;0,197
61,000;0,196
61,050;0,195
61,100;0,195
61,150;0,195
61,200;0,195
61,250;0,193
61,300;0,193
61,350;0,191
61,400;0,191
61,450;0,191
61,500;0,190
61,550;0,189
61,600;0,189
61,650;0,189
61,700;0,188
61,750;0,187
61,800;0,187
61,850;0,186
61,900;0,186
61,950;0,186
62,000;0,185
62,050;0,184
62,100;0,183
62,150;0,183
62,200;0,182
62,250;0,181
62,300;0,181
62,350;0,181
62,400;0,180
62,450;0,180
62,500;0,179
62,550;0,178
62,600;0,178
62,650;0,177
62,700;0,177
62,750;0,176
62,800;0,175
62,850;0,175
62,900;0,174
62,950;0,174
63,000;0,173
63,050;0,172
63,100;0,172
63,150;0,172
63,200;0,171
63,250;0,170
63,300;0,170
63,350;0,170
63,400;0,169
63,450;0,168
63,500;0,167
63,550;0,167
63,600;0,166
63,650;0,166
63,700;0,165
63,750;0,165
63,800;0,165
63,850;0,163
63,900;0,163
63,950;0,162
64,000;0,162
64,050;0,161
64,100;0,161
64,150;0,161
64,200;0,160
64,250;0,159
64,300;0,158
64,350;0,158
64,400;0,158
64,450;0,158
64,500;0,158
64,550;0,157
64,600;0,156
64,650;0,156
64,700;0,155
64,750;0,154
64,800;0,154
64,850;0,153
64,900;0,153
64,950;0,153
65,000;0,153
65,050;0,152
65,100;0,151
65,150;0,150
65,200;0,149
65,250;0,149
65,300;0,148
65,350;0,148
65,400;0,148
65,450;0,147
65,500;0,147
65,550;0,146
65,600;0,145
65,650;0,146
65,700;0,144
65,750;0,144
65,800;0,144
65,850;0,144
65,900;0,143
65,950;0,142
66,000;0,141
66,050;0,141
66,100;0,141
66,150;0,141
66,200;0,140
66,250;0,140
66,300;0,140
66,350;0,138
66,400;0,138
66,450;0,137
66,500;0,137
66,550;0,136
66,600;0,136
66,650;0,136
66,700;0,135
66,750;0,135
66,800;0,134
66,850;0,133
66,900;0,133
66,950;0,133
67,000;0,132
67,050;0,132
67,100;0,132
67,150;0,131
67,200;0,130
67,250;0,130
67,300;0,130
67,350;0,130
67,400;0,129
67,450;0,129
67,500;0,129
67,550;0,129
67,600;0,127
67,650;0,127
67,700;0,126
67,750;0,126
67,800;0,126
67,850;0,126
67,900;0,126
67,950;0,126
68,000;0,125
68,050;0,124
68,100;0,123
68,150;0,123
68,200;0,123
68,250;0,123
68,300;0,123
68,350;0,123
68,400;0,122
68,450;0,121
68,500;0,120
68,550;0,120
68,600;0,120
68,650;0,119
68,700;0,120
68,750;0,118
68,800;0,119
68,850;0,118
68,900;0,118
68,950;0,116
69,000;0,116
69,050;0,115
69,100;0,115
69,150;0,115
69,200;0,115
69,250;0,115
69,300;0,113
69,350;0,113
69,400;0,112
69,450;0,113
69,500;0,112
69,550;0,112
69,600;0,111
69,650;0,111
69,700;0,111
69,750;0,111
69,800;0,110
69,850;0,110
69,900;0,110
69,950;0,109
70,000;0,109
70,050;0,109
70,100;0,109
70,150;0,108
70,200;0,107
70,250;0,107
70,300;0,106
70,350;0,106
70,400;0,106
70,450;0,106
70,500;0,105
70,550;0,105
70,600;0,104
70,650;0,104
70,700;0,103
70,750;0,103
70,800;0,103
70,850;0,103
70,900;0,103
70,950;0,103
71,000;0,102
71,050;0,102
71,100;0,102
71,150;0,102
71,200;0,101
71,250;0,101
71,300;0,101
71,350;0,101
71,400;0,101
71,450;0,100
71,500;0,099
71,550;0,099
71,600;0,098
71,650;0,098
71,700;0,099
71,750;0,099
71,800;0,098
71,850;0,097
71,900;0,097
71,950;0,097
72,000;0,096
72,050;0,096
72,100;0,096
72,150;0,096
72,200;0,096
72,250;0,095
72,300;0,094
72,350;0,094
72,400;0,094
72,450;0,094
72,500;0,094
72,550;0,094
72,600;0,094
72,650;0,094
72,700;0,092
72,750;0,092
72,800;0,092
72,850;0,092
72,900;0,092
72,950;0,092
73,000;0,091
73,050;0,091
73,100;0,091
73,150;0,090
73,200;0,090
73,250;0,089
73,300;0,089
73,350;0,089
73,400;0,089
73,450;0,089
73,500;0,088
73,550;0,088
73,600;0,087
73,650;0,087
73,700;0,086
73,750;0,086
73,800;0,086
73,850;0,086
73,900;0,086
73,950;0,085
74,000;0,085
74,050;0,084
74,100;0,085
74,150;0,084
74,200;0,084
74,250;0,084
74,300;0,084
74,350;0,083
74,400;0,082
74,450;0,082
74,500;0,082
74,550;0,083
74,600;0,082
74,650;0,083
74,700;0,082
74,750;0,082
74,800;0,081
74,850;0,080
74,900;0,080
74,950;0,079
75,000;0,078
75,050;0,079
75,100;0,079
75,150;0,078
75,200;0,078
75,250;0,078
75,300;0,078
75,350;0,077
75,400;0,077
75,450;0,077
75,500;0,077
75,550;0,077
75,600;0,076
75,650;0,075
75,700;0,075
75,750;0,074
75,800;0,074
75,850;0,074
75,900;0,074
75,950;0,073
76,000;0,074
76,050;0,073
76,100;0,072
76,150;0,073
76,200;0,072
76,250;0,072
76,300;0,073
76,350;0,072
76,400;0,072
76,450;0,071
76,500;0,071
76,550;0,070
76,600;0,070
76,650;0,071
76,700;0,070
76,750;0,071
76,800;0,070
76,850;0,070
76,900;0,070
76,950;0,069
77,000;0,069
77,050;0,069
77,100;0,068
77,150;0,068
77,200;0,069
77,250;0,069
77,300;0,068
77,350;0,067
77,400;0,067
77,450;0,067
77,500;0,067
77,550;0,066
77,600;0,067
77,650;0,067
77,700;0,066
77,750;0,066
77,800;0,065
77,850;0,065
77,900;0,064
77,950;0,064
78,000;0,065
78,050;0,064
78,100;0,065
78,150;0,064
78,200;0,063
78,250;0,063
78,300;0,063
78,350;0,063
78,400;0,063
78,450;0,063
78,500;0,063
78,550;0,063
78,600;0,062
78,650;0,062
78,700;0,062
78,750;0,062
78,800;0,062
78,850;0,062
78,900;0,062
78,950;0,061
79,000;0,061
79,050;0,060
79,100;0,060
79,150;0,060
79,200;0,060
79,250;0,060
79,300;0,060
79,350;0,060
79,400;0,060
79,450;0,060
79,500;0,060
79,550;0,059
79,600;0,059
79,650;0,059
79,700;0,059
79,750;0,059
79,800;0,059
79,850;0,058
79,900;0,058
79,950;0,058
80,000;0,057
80,050;0,057
80,100;0,057
80,150;0,058
80,200;0,057
80,250;0,057
80,300;0,057
80,350;0,057
80,400;0,056
80,450;0,056
80,500;0,056
80,550;0,056
80,600;0,056
80,650;0,056
80,700;0,055
80,750;0,055
80,800;0,055
80,850;0,055
80,900;0,055
80,950;0,055
81,000;0,055
81,050;0,055
81,100;0,055
81,150;0,055
81,200;0,054
81,250;0,054
81,300;0,054
81,350;0,054
81,400;0,053
81,450;0,053
81,500;0,053
81,550;0,053
81,600;0,053
81,650;0,053
81,700;0,052
81,750;0,052
81,800;0,053
81,850;0,053
81,900;0,052
81,950;0,052
82,000;0,051
82,050;0,051
82,100;0,051
82,150;0,050
82,200;0,051
82,250;0,051
82,300;0,050
82,350;0,050
82,400;0,049
82,450;0,050
82,500;0,050
82,550;0,049
82,600;0,050
82,650;0,050
82,700;0,049
82,750;0,049
82,800;0,048
82,850;0,048
82,900;0,048
82,950;0,048
83,000;0,048
83,050;0,048
83,100;0,048
83,150;0,047
83,200;0,047
83,250;0,046
83,300;0,046
83,350;0,046
83,400;0,046
83,450;0,046
83,500;0,046
83,550;0,046
83,600;0,045
83,650;0,045
83,700;0,044
83,750;0,045
83,800;0,045
83,850;0,045
83,900;0,045
83,950;0,045
84,000;0,044
84,050;0,044
84,100;0,043
84,150;0,043
84,200;0,043
84,250;0,043
84,300;0,044
84,350;0,043
84,400;0,043
84,450;0,043
84,500;0,043
84,550;0,042
84,600;0,042
84,650;0,043
84,700;0,043
84,750;0,042
84,800;0,042
84,850;0,042
84,900;0,041
84,950;0,041
85,000;0,041
85,050;0,041
85,100;0,041
85,150;0,041
85,200;0,042
85,250;0,041
85,300;0,041
85,350;0,040
85,400;0,040
85,450;0,040
85,500;0,040
85,550;0,041
85,600;0,041
85,650;0,041
85,700;0,040
85,750;0,039
85,800;0,039
85,850;0,039
85,900;0,039
85,950;0,039
86,000;0,040
86,050;0,040
86,100;0,039
86,150;0,039
86,200;0,039
86,250;0,039
86,300;0,039
86,350;0,039
86,400;0,039
86,450;0,039
86,500;0,039
86,550;0,038
86,600;0,037
86,650;0,038
86,700;0,037
86,750;0,038
86,800;0,038
86,850;0,038
86,900;0,037
86,950;0,037
87,000;0,037
87,050;0,037
87,100;0,037
87,150;0,037
87,200;0,037
87,250;0,037
87,300;0,037
87,350;0,037
87,400;0,036
87,450;0,036
87,500;0,035
87,550;0,036
87,600;0,035
87,650;0,036
87,700;0,036
87,750;0,036
87,800;0,036
87,850;0,035
87,900;0,035
87,950;0,035
88,000;0,035
88,050;0,035
88,100;0,035
88,150;0,036
88,200;0,035
88,250;0,034
88,300;0,035
88,350;0,034
88,400;0,034
88,450;0,034
88,500;0,034
88,550;0,034
88,600;0,034
88,650;0,034
88,700;0,033
88,750;0,033
88,800;0,033
88,850;0,033
88,900;0,034
88,950;0,034
89,000;0,033
89,050;0,032
89,100;0,032
89,150;0,032
89,200;0,032
89,250;0,032
89,300;0,032
89,350;0,032
89,400;0,032
89,450;0,031
89,500;0,032
89,550;0,031
89,600;0,031
89,650;0,031
89,700;0,031
89,750;0,031
89,800;0,031
89,850;0,031
89,900;0,031
89,950;0,031
90,000;0,030
90,050;0,030
90,100;0,031
90,150;0,031
90,200;0,031
90,250;0,031
90,300;0,031
90,350;0,030
90,400;0,030
90,450;0,030
90,500;0,030
90,550;0,030
90,600;0,030
90,650;0,030
90,700;0,030
90,750;0,029
90,800;0,030
90,850;0,029
90,900;0,029
90,950;0,029
91,000;0,029
91,050;0,029
91,100;0,029
91,150;0,029
91,200;0,029
91,250;0,028
91,300;0,028
91,350;0,028
91,400;0,029
91,450;0,028
91,500;0,028
91,550;0,028
91,600;0,028
91,650;0,028
91,700;0,028
91,750;0,028
91,800;0,028
91,850;0,028
91,900;0,028
91,950;0,028
92,000;0,027
92,050;0,027
92,100;0,027
92,150;0,027
92,200;0,027
92,250;0,027
92,300;0,027
92,350;0,027
92,400;0,027
92,450;0,026
92,500;0,026
92,550;0,026
92,600;0,026
92,650;0,026
92,700;0,027
92,750;0,027
92,800;0,026
92,850;0,026
92,900;0,026
92,950;0,026
93,000;0,026
93,050;0,026
93,100;0,027
93,150;0,026
93,200;0,025
93,250;0,026
93,300;0,024
93,350;0,025
93,400;0,025
93,450;0,025
93,500;0,025
93,550;0,025
93,600;0,025
93,650;0,025
93,700;0,024
93,750;0,024
93,800;0,024
93,850;0,025
93,900;0,025
93,950;0,025
94,000;0,025
94,050;0,024
94,100;0,024
94,150;0,024
94,200;0,024
94,250;0,024
94,300;0,024
94,350;0,024
94,400;0,024
94,450;0,024
94,500;0,024
94,550;0,023
94,600;0,023
94,650;0,024
94,700;0,023
94,750;0,024
94,800;0,024
94,850;0,024
94,900;0,023
94,950;0,023
95,000;0,023
95,050;0,023
95,100;0,024
95,150;0,023
95,200;0,023
95,250;0,024
95,300;0,023
95,350;0,023
95,400;0,023
95,450;0,023
95,500;0,023
95,550;0,023
95,600;0,023
95,650;0,023
95,700;0,023
95,750;0,023
95,800;0,022
95,850;0,022
95,900;0,022
95,950;0,022
96,000;0,022
96,050;0,022
96,100;0,022
96,150;0,022
96,200;0,021
96,250;0,021
96,300;0,021
96,350;0,021
96,400;0,021
96,450;0,022
96,500;0,021
96,550;0,021
96,600;0,021
96,650;0,020
96,700;0,021
96,750;0,021
96,800;0,021
96,850;0,021
96,900;0,021
96,950;0,021
97,000;0,021
97,050;0,020
97,100;0,020
97,150;0,020
97,200;0,020
97,250;0,021
97,300;0,021
97,350;0,021
97,400;0,020
97,450;0,019
97,500;0,019
97,550;0,020
97,600;0,020
97,650;0,020
97,700;0,020
97,750;0,020
97,800;0,020
97,850;0,019
97,900;0,019
97,950;0,020
98,000;0,019
98,050;0,019
98,100;0,020
98,150;0,019
98,200;0,020
98,250;0,019
98,300;0,019
98,350;0,019
98,400;0,019
98,450;0,019
98,500;0,019
98,550;0,019
98,600;0,019
98,650;0,018
98,700;0,019
98,750;0,018
98,800;0,018
98,850;0,018
98,900;0,019
98,950;0,019
99,000;0,018
99,050;0,019
99,100;0,019
99,150;0,018
99,200;0,018
99,250;0,018
99,300;0,018
99,350;0,018
99,400;0,018
99,450;0,018
99,500;0,018
99,550;0,018
99,600;0,017
99,650;0,018
99,700;0,017
99,750;0,017
99,800;0,018
99,850;0,018
99,900;0,017
99,950;0,017
100,000;0,017
100,050;0,017
100,100;0,017
100,150;0,017
100,200;0,018
100,250;0,017
100,300;0,018
100,350;0,018
100,400;0,018
100,450;0,016
100,500;0,017
100,550;0,017
100,600;0,017
100,650;0,018
100,700;0,018
100,750;0,017
100,800;0,017
100,850;0,016
100,900;0,017
100,950;0,016
101,000;0,017
101,050;0,017
101,100;0,018
101,150;0,017
101,200;0,017
101,250;0,016
101,300;0,016
101,350;0,016
101,400;0,016
101,450;0,016
101,500;0,017
101,550;0,017
101,600;0,017
101,650;0,016
101,700;0,016
101,750;0,016
101,800;0,016
101,850;0,016
101,900;0,016
101,950;0,016
102,000;0,016
102,050;0,016
102,100;0,016
102,150;0,016
102,200;0,016
102,250;0,016
102,300;0,016
102,350;0,016
102,400;0,016
102,450;0,016
102,500;0,016
102,550;0,015
102,600;0,015
102,650;0,015
102,700;0,015
102,750;0,016
102,800;0,016
102,850;0,015
102,900;0,015
102,950;0,014
103,000;0,015
103,050;0,014
103,100;0,014
103,150;0,014
103,200;0,014
103,250;0,014
103,300;0,014
103,350;0,014
103,400;0,014
103,450;0,014
103,500;0,014
103,550;0,015
103,600;0,015
103,650;0,015
103,700;0,015
103,750;0,014
103,800;0,014
103,850;0,013
103,900;0,014
103,950;0,014
104,000;0,014
104,050;0,014
104,100;0,014
104,150;0,014
104,200;0,013
104,250;0,013
104,300;0,014
104,350;0,013
104,400;0,014
104,450;0,014
104,500;0,014
104,550;0,013
104,600;0,013
104,650;0,013
104,700;0,013
104,750;0,013
104,800;0,013
104,850;0,013
104,900;0,014
104,950;0,013
105,000;0,013
105,050;0,012
105,100;0,013
105,150;0,012
105,200;0,012
105,250;0,012
105,300;0,013
105,350;0,013
105,400;0,013
105,450;0,012
105,500;0,012
105,550;0,012
105,600;0,013
105,650;0,012
105,700;0,013
105,750;0,012
105,800;0,012
105,850;0,012
105,900;0,011
105,950;0,011
106,000;0,012
106,050;0,012
106,100;0,012
106,150;0,012
106,200;0,012
106,250;0,011
106,300;0,011
106,350;0,011
106,400;0,011
106,450;0,011
106,500;0,012
106,550;0,012
106,600;0,013
106,650;0,012
106,700;0,012
106,750;0,011
106,800;0,011
106,850;0,011
106,900;0,011
106,950;0,010
107,000;0,011
107,050;0,011
107,100;0,011
107,150;0,011
107,200;0,011
107,250;0,011
107,300;0,011
107,350;0,010
107,400;0,011
107,450;0,011
107,500;0,011
107,550;0,010
107,600;0,011
107,650;0,011
107,700;0,011
107,750;0,011
107,800;0,011
107,850;0,011
107,900;0,011
107,950;0,011
108,000;0,010
108,050;0,011
108,100;0,011
108,150;0,011
108,200;0,011
108,250;0,011
108,300;0,011
108,350;0,010
108,400;0,010
108,450;0,010
108,500;0,010
108,550;0,009
108,600;0,010
108,650;0,010
108,700;0,010
108,750;0,010
108,800;0,010
108,850;0,009
108,900;0,010
108,950;0,009
109,000;0,010
109,050;0,010
109,100;0,010
109,150;0,010
109,200;0,010
109,250;0,009
109,300;0,010
109,350;0,010
109,400;0,010
109,450;0,010
109,500;0,011
109,550;0,010
109,600;0,010
109,650;0,009
109,700;0,009
109,750;0,009
109,800;0,009
109,850;0,009
109,900;0,010
109,950;0,009
110,000;0,009
110,050;0,009
110,100;0,009
110,150;0,008
110,200;0,009
110,250;0,009
110,300;0,010
110,350;0,010
110,400;0,010
110,450;0,009
110,500;0,009
110,550;0,009
110,600;0,009
110,650;0,008
110,700;0,009
110,750;0,009
110,800;0,010
110,850;0,009
110,900;0,009
110,950;0,008
111,000;0,009
111,050;0,009
111,100;0,008
111,150;0,009
111,200;0,009
111,250;0,009
111,300;0,009
111,350;0,008
111,400;0,009
111,450;0,009
111,500;0,009
111,550;0,009
111,600;0,009
111,650;0,009
111,700;0,008
111,750;0,008
111,800;0,008
111,850;0,008
111,900;0,008
111,950;0,008
112,000;0,010
112,050;0,009
112,100;0,009
112,150;0,008
112,200;0,008
112,250;0,008
112,300;0,008
112,350;0,008
112,400;0,008
112,450;0,008
112,500;0,008
112,550;0,008
112,600;0,008
112,650;0,008
112,700;0,008
112,750;0,008
112,800;0,008
112,850;0,008
112,900;0,009
112,950;0,008
113,000;0,008
113,050;0,008
113,100;0,008
113,150;0,008
113,200;0,008
113,250;0,008
113,300;0,008
113,350;0,008
113,400;0,008
113,450;0,008
113,500;0,008
113,550;0,008
113,600;0,008
113,650;0,008
113,700;0,008
113,750;0,008
113,800;0,008
113,850;0,008
113,900;0,007
113,950;0,007
114,000;0,008
114,050;0,008
114,100;0,008
114,150;0,008
114,200;0,008
114,250;0,008
114,300;0,007
114,350;0,007
114,400;0,007
114,450;0,007
114,500;0,008
114,550;0,008
114,600;0,008
114,650;0,007
114,700;0,007
114,750;0,007
114,800;0,007
114,850;0,007
114,900;0,008
114,950;0,008
115,000;0,008
115,050;0,007
115,100;0,007
115,150;0,007
115,200;0,007
115,250;0,007
115,300;0,007
115,350;0,007
115,400;0,008
115,450;0,008
115,500;0,007
115,550;0,007
115,600;0,007
115,650;0,006
115,700;0,007
115,750;0,007
115,800;0,007
115,850;0,007
115,900;0,007
115,950;0,006
116,000;0,006
116,050;0,006
116,100;0,007
116,150;0,007
116,200;0,007
116,250;0,007
116,300;0,007
116,350;0,007
116,400;0,007
116,450;0,007
116,500;0,006
116,550;0,007
116,600;0,007
116,650;0,007
116,700;0,007
116,750;0,007
116,800;0,007
116,850;0,006
116,900;0,007
116,950;0,007
117,000;0,007
117,050;0,007
117,100;0,008
117,150;0,007
117,200;0,007
117,250;0,006
117,300;0,007
117,350;0,006
117,400;0,007
117,450;0,006
117,500;0,007
117,550;0,007
117,600;0,007
117,650;0,007
117,700;0,006
117,750;0,006
117,800;0,006
117,850;0,006
117,900;0,007
117,950;0,006
118,000;0,006
118,050;0,007
118,100;0,006
118,150;0,006
118,200;0,006
118,250;0,006
118,300;0,007
118,350;0,006
118,400;0,006
118,450;0,006
118,500;0,006
118,550;0,006
118,600;0,006
118,650;0,006
118,700;0,006
118,750;0,007
118,800;0,007
118,850;0,006
118,900;0,006
118,950;0,005
119,000;0,005
119,050;0,006
119,100;0,006
119,150;0,006
119,200;0,006
119,250;0,006
119,300;0,006
119,350;0,005
119,400;0,005
119,450;0,005
119,500;0,005
119,550;0,006
119,600;0,006
119,650;0,006
119,700;0,006
119,750;0,006
119,800;0,006
119,850;0,005
119,900;0,006
119,950;0,005
120,000;0,006
120,050;0,006
120,100;0,006
120,150;0,006
120,200;0,005
120,250;0,005
120,300;0,005
120,350;0,005
120,400;0,005
120,450;0,006
120,500;0,006
120,550;0,006
120,600;0,006
120,650;0,005
120,700;0,005
120,750;0,005
120,800;0,005
120,850;0,005
120,900;0,005
120,950;0,005
121,000;0,006
121,050;0,005
121,100;0,005
121,150;0,005
121,200;0,005
121,250;0,005
121,300;0,006
121,350;0,006
121,400;0,005
121,450;0,005
121,500;0,005
121,550;0,005
121,600;0,005
121,650;0,005
121,700;0,005
121,750;0,006
121,800;0,006
121,850;0,006
121,900;0,006
121,950;0,005
122,000;0,005
122,050;0,005
122,100;0,005
122,150;0,006
122,200;0,006
122,250;0,006
122,300;0,006
122,350;0,005
122,400;0,005
122,450;0,005
122,500;0,005
122,550;0,005
122,600;0,006
122,650;0,006
122,700;0,005
122,750;0,005
122,800;0,005
122,850;0,005
122,900;0,005
122,950;0,005
123,000;0,005
123,050;0,005
123,100;0,005
123,150;0,005
123,200;0,005
123,250;0,005
123,300;0,005
123,350;0,005
123,400;0,005
123,450;0,005
123,500;0,005
123,550;0,006
123,600;0,005
123,650;0,004
123,700;0,005
123,750;0,005
123,800;0,004
123,850;0,005
123,900;0,005
123,950;0,005
124,000;0,005
124,050;0,004
124,100;0,004
124,150;0,004
124,200;0,004
124,250;0,004
